"","Deaths","month_year","month","time"
"1",23,1999-01-01,1999 Jan,1
"2",NA,1999-02-01,1999 Feb,2
"3",17,1999-03-01,1999 Mar,3
"4",17,1999-04-01,1999 Apr,4
"5",23,1999-05-01,1999 May,5
"6",12,1999-06-01,1999 Jun,6
"7",16,1999-07-01,1999 Jul,7
"8",12,1999-08-01,1999 Aug,8
"9",17,1999-09-01,1999 Sep,9
"10",17,1999-10-01,1999 Oct,10
"11",16,1999-11-01,1999 Nov,11
"12",18,1999-12-01,1999 Dec,12
"13",13,2000-01-01,2000 Jan,13
"14",15,2000-02-01,2000 Feb,14
"15",21,2000-03-01,2000 Mar,15
"16",18,2000-04-01,2000 Apr,16
"17",12,2000-05-01,2000 May,17
"18",24,2000-06-01,2000 Jun,18
"19",13,2000-07-01,2000 Jul,19
"20",15,2000-08-01,2000 Aug,20
"21",13,2000-09-01,2000 Sep,21
"22",25,2000-10-01,2000 Oct,22
"23",17,2000-11-01,2000 Nov,23
"24",NA,2000-12-01,2000 Dec,24
"25",17,2001-01-01,2001 Jan,25
"26",NA,2001-02-01,2001 Feb,26
"27",17,2001-03-01,2001 Mar,27
"28",21,2001-04-01,2001 Apr,28
"29",15,2001-05-01,2001 May,29
"30",17,2001-06-01,2001 Jun,30
"31",30,2001-07-01,2001 Jul,31
"32",19,2001-08-01,2001 Aug,32
"33",15,2001-09-01,2001 Sep,33
"34",24,2001-10-01,2001 Oct,34
"35",10,2001-11-01,2001 Nov,35
"36",13,2001-12-01,2001 Dec,36
"37",25,2002-01-01,2002 Jan,37
"38",11,2002-02-01,2002 Feb,38
"39",19,2002-03-01,2002 Mar,39
"40",13,2002-04-01,2002 Apr,40
"41",15,2002-05-01,2002 May,41
"42",17,2002-06-01,2002 Jun,42
"43",15,2002-07-01,2002 Jul,43
"44",19,2002-08-01,2002 Aug,44
"45",20,2002-09-01,2002 Sep,45
"46",15,2002-10-01,2002 Oct,46
"47",15,2002-11-01,2002 Nov,47
"48",17,2002-12-01,2002 Dec,48
"49",17,2003-01-01,2003 Jan,49
"50",18,2003-02-01,2003 Feb,50
"51",22,2003-03-01,2003 Mar,51
"52",13,2003-04-01,2003 Apr,52
"53",16,2003-05-01,2003 May,53
"54",19,2003-06-01,2003 Jun,54
"55",20,2003-07-01,2003 Jul,55
"56",19,2003-08-01,2003 Aug,56
"57",25,2003-09-01,2003 Sep,57
"58",15,2003-10-01,2003 Oct,58
"59",18,2003-11-01,2003 Nov,59
"60",23,2003-12-01,2003 Dec,60
"61",24,2004-01-01,2004 Jan,61
"62",NA,2004-02-01,2004 Feb,62
"63",26,2004-03-01,2004 Mar,63
"64",13,2004-04-01,2004 Apr,64
"65",19,2004-05-01,2004 May,65
"66",15,2004-06-01,2004 Jun,66
"67",13,2004-07-01,2004 Jul,67
"68",11,2004-08-01,2004 Aug,68
"69",15,2004-09-01,2004 Sep,69
"70",18,2004-10-01,2004 Oct,70
"71",NA,2004-11-01,2004 Nov,71
"72",14,2004-12-01,2004 Dec,72
"73",10,2005-01-01,2005 Jan,73
"74",18,2005-02-01,2005 Feb,74
"75",19,2005-03-01,2005 Mar,75
"76",22,2005-04-01,2005 Apr,76
"77",11,2005-05-01,2005 May,77
"78",12,2005-06-01,2005 Jun,78
"79",15,2005-07-01,2005 Jul,79
"80",19,2005-08-01,2005 Aug,80
"81",24,2005-09-01,2005 Sep,81
"82",15,2005-10-01,2005 Oct,82
"83",20,2005-11-01,2005 Nov,83
"84",21,2005-12-01,2005 Dec,84
"85",17,2006-01-01,2006 Jan,85
"86",16,2006-02-01,2006 Feb,86
"87",13,2006-03-01,2006 Mar,87
"88",21,2006-04-01,2006 Apr,88
"89",14,2006-05-01,2006 May,89
"90",17,2006-06-01,2006 Jun,90
"91",23,2006-07-01,2006 Jul,91
"92",15,2006-08-01,2006 Aug,92
"93",20,2006-09-01,2006 Sep,93
"94",15,2006-10-01,2006 Oct,94
"95",15,2006-11-01,2006 Nov,95
"96",12,2006-12-01,2006 Dec,96
"97",18,2007-01-01,2007 Jan,97
"98",20,2007-02-01,2007 Feb,98
"99",17,2007-03-01,2007 Mar,99
"100",13,2007-04-01,2007 Apr,100
"101",19,2007-05-01,2007 May,101
"102",12,2007-06-01,2007 Jun,102
"103",25,2007-07-01,2007 Jul,103
"104",15,2007-08-01,2007 Aug,104
"105",18,2007-09-01,2007 Sep,105
"106",16,2007-10-01,2007 Oct,106
"107",11,2007-11-01,2007 Nov,107
"108",10,2007-12-01,2007 Dec,108
"109",18,2008-01-01,2008 Jan,109
"110",17,2008-02-01,2008 Feb,110
"111",18,2008-03-01,2008 Mar,111
"112",24,2008-04-01,2008 Apr,112
"113",14,2008-05-01,2008 May,113
"114",19,2008-06-01,2008 Jun,114
"115",13,2008-07-01,2008 Jul,115
"116",10,2008-08-01,2008 Aug,116
"117",14,2008-09-01,2008 Sep,117
"118",15,2008-10-01,2008 Oct,118
"119",16,2008-11-01,2008 Nov,119
"120",20,2008-12-01,2008 Dec,120
"121",14,2009-01-01,2009 Jan,121
"122",13,2009-02-01,2009 Feb,122
"123",13,2009-03-01,2009 Mar,123
"124",18,2009-04-01,2009 Apr,124
"125",16,2009-05-01,2009 May,125
"126",16,2009-06-01,2009 Jun,126
"127",15,2009-07-01,2009 Jul,127
"128",12,2009-08-01,2009 Aug,128
"129",15,2009-09-01,2009 Sep,129
"130",15,2009-10-01,2009 Oct,130
"131",20,2009-11-01,2009 Nov,131
"132",17,2009-12-01,2009 Dec,132
"133",NA,2010-01-01,2010 Jan,133
"134",25,2010-02-01,2010 Feb,134
"135",10,2010-03-01,2010 Mar,135
"136",16,2010-04-01,2010 Apr,136
"137",15,2010-05-01,2010 May,137
"138",21,2010-06-01,2010 Jun,138
"139",18,2010-07-01,2010 Jul,139
"140",11,2010-08-01,2010 Aug,140
"141",21,2010-09-01,2010 Sep,141
"142",20,2010-10-01,2010 Oct,142
"143",11,2010-11-01,2010 Nov,143
"144",19,2010-12-01,2010 Dec,144
"145",NA,2011-01-01,2011 Jan,145
"146",NA,2011-02-01,2011 Feb,146
"147",12,2011-03-01,2011 Mar,147
"148",16,2011-04-01,2011 Apr,148
"149",19,2011-05-01,2011 May,149
"150",14,2011-06-01,2011 Jun,150
"151",22,2011-07-01,2011 Jul,151
"152",17,2011-08-01,2011 Aug,152
"153",NA,2011-09-01,2011 Sep,153
"154",11,2011-10-01,2011 Oct,154
"155",NA,2011-11-01,2011 Nov,155
"156",17,2011-12-01,2011 Dec,156
"157",10,2012-01-01,2012 Jan,157
"158",12,2012-02-01,2012 Feb,158
"159",14,2012-03-01,2012 Mar,159
"160",16,2012-04-01,2012 Apr,160
"161",13,2012-05-01,2012 May,161
"162",19,2012-06-01,2012 Jun,162
"163",16,2012-07-01,2012 Jul,163
"164",NA,2012-08-01,2012 Aug,164
"165",10,2012-09-01,2012 Sep,165
"166",13,2012-10-01,2012 Oct,166
"167",12,2012-11-01,2012 Nov,167
"168",17,2012-12-01,2012 Dec,168
"169",14,2013-01-01,2013 Jan,169
"170",14,2013-02-01,2013 Feb,170
"171",13,2013-03-01,2013 Mar,171
"172",11,2013-04-01,2013 Apr,172
"173",15,2013-05-01,2013 May,173
"174",15,2013-06-01,2013 Jun,174
"175",22,2013-07-01,2013 Jul,175
"176",20,2013-08-01,2013 Aug,176
"177",14,2013-09-01,2013 Sep,177
"178",15,2013-10-01,2013 Oct,178
"179",11,2013-11-01,2013 Nov,179
"180",12,2013-12-01,2013 Dec,180
"181",15,2014-01-01,2014 Jan,181
"182",11,2014-02-01,2014 Feb,182
"183",18,2014-03-01,2014 Mar,183
"184",18,2014-04-01,2014 Apr,184
"185",13,2014-05-01,2014 May,185
"186",22,2014-06-01,2014 Jun,186
"187",18,2014-07-01,2014 Jul,187
"188",14,2014-08-01,2014 Aug,188
"189",NA,2014-09-01,2014 Sep,189
"190",17,2014-10-01,2014 Oct,190
"191",18,2014-11-01,2014 Nov,191
"192",19,2014-12-01,2014 Dec,192
"193",19,2015-01-01,2015 Jan,193
"194",18,2015-02-01,2015 Feb,194
"195",13,2015-03-01,2015 Mar,195
"196",20,2015-04-01,2015 Apr,196
"197",20,2015-05-01,2015 May,197
"198",19,2015-06-01,2015 Jun,198
"199",14,2015-07-01,2015 Jul,199
"200",14,2015-08-01,2015 Aug,200
"201",12,2015-09-01,2015 Sep,201
"202",NA,2015-10-01,2015 Oct,202
"203",17,2015-11-01,2015 Nov,203
"204",16,2015-12-01,2015 Dec,204
"205",20,2016-01-01,2016 Jan,205
"206",NA,2016-02-01,2016 Feb,206
"207",20,2016-03-01,2016 Mar,207
"208",16,2016-04-01,2016 Apr,208
"209",18,2016-05-01,2016 May,209
"210",24,2016-06-01,2016 Jun,210
"211",21,2016-07-01,2016 Jul,211
"212",16,2016-08-01,2016 Aug,212
"213",22,2016-09-01,2016 Sep,213
"214",16,2016-10-01,2016 Oct,214
"215",15,2016-11-01,2016 Nov,215
"216",21,2016-12-01,2016 Dec,216
"217",19,2017-01-01,2017 Jan,217
"218",21,2017-02-01,2017 Feb,218
"219",19,2017-03-01,2017 Mar,219
"220",16,2017-04-01,2017 Apr,220
"221",NA,2017-05-01,2017 May,221
"222",12,2017-06-01,2017 Jun,222
"223",10,2017-07-01,2017 Jul,223
"224",13,2017-08-01,2017 Aug,224
"225",19,2017-09-01,2017 Sep,225
"226",21,2017-10-01,2017 Oct,226
"227",23,2017-11-01,2017 Nov,227
"228",25,2017-12-01,2017 Dec,228
"229",16,2018-01-01,2018 Jan,229
"230",16,2018-02-01,2018 Feb,230
"231",17,2018-03-01,2018 Mar,231
"232",26,2018-04-01,2018 Apr,232
"233",17,2018-05-01,2018 May,233
"234",11,2018-06-01,2018 Jun,234
"235",19,2018-07-01,2018 Jul,235
"236",20,2018-08-01,2018 Aug,236
"237",23,2018-09-01,2018 Sep,237
"238",15,2018-10-01,2018 Oct,238
"239",21,2018-11-01,2018 Nov,239
"240",22,2018-12-01,2018 Dec,240
"241",10,2019-01-01,2019 Jan,241
"242",24,2019-02-01,2019 Feb,242
"243",23,2019-03-01,2019 Mar,243
"244",16,2019-04-01,2019 Apr,244
"245",NA,2019-05-01,2019 May,245
"246",13,2019-06-01,2019 Jun,246
"247",22,2019-07-01,2019 Jul,247
"248",21,2019-08-01,2019 Aug,248
"249",NA,2019-09-01,2019 Sep,249
"250",10,2019-10-01,2019 Oct,250
"251",12,2019-11-01,2019 Nov,251
"252",22,2019-12-01,2019 Dec,252
"253",21,2020-01-01,2020 Jan,253
"254",16,2020-02-01,2020 Feb,254
"255",19,2020-03-01,2020 Mar,255
"256",23,2020-04-01,2020 Apr,256
"257",23,2020-05-01,2020 May,257
"258",23,2020-06-01,2020 Jun,258
"259",24,2020-07-01,2020 Jul,259
"260",32,2020-08-01,2020 Aug,260
"261",23,2020-09-01,2020 Sep,261
"262",27,2020-10-01,2020 Oct,262
"263",24,2020-11-01,2020 Nov,263
"264",23,2020-12-01,2020 Dec,264
"265",19,2021-01-01,2021 Jan,265
"266",20,2021-02-01,2021 Feb,266
"267",25,2021-03-01,2021 Mar,267
"268",24,2021-04-01,2021 Apr,268
"269",23,2021-05-01,2021 May,269
"270",22,2021-06-01,2021 Jun,270
"271",25,2021-07-01,2021 Jul,271
"272",20,2021-08-01,2021 Aug,272
"273",35,2021-09-01,2021 Sep,273
"274",24,2021-10-01,2021 Oct,274
"275",16,2021-11-01,2021 Nov,275
"276",16,2021-12-01,2021 Dec,276
"277",27,2022-01-01,2022 Jan,277
"278",30,2022-02-01,2022 Feb,278
"279",26,2022-03-01,2022 Mar,279
"280",23,2022-04-01,2022 Apr,280
"281",21,2022-05-01,2022 May,281
"282",32,2022-06-01,2022 Jun,282
"283",22,2022-07-01,2022 Jul,283
"284",20,2022-08-01,2022 Aug,284
"285",32,2022-09-01,2022 Sep,285
"286",14,2022-10-01,2022 Oct,286
"287",25,2022-11-01,2022 Nov,287
"288",22,2022-12-01,2022 Dec,288
"289",21,2023-01-01,2023 Jan,289
"290",19,2023-02-01,2023 Feb,290
"291",21,2023-03-01,2023 Mar,291
"292",21,2023-04-01,2023 Apr,292
"293",19,2023-05-01,2023 May,293
"294",25,2023-06-01,2023 Jun,294
"295",28,2023-07-01,2023 Jul,295
"296",19,2023-08-01,2023 Aug,296
"297",24,2023-09-01,2023 Sep,297
"298",20,2023-10-01,2023 Oct,298
"299",19,2023-11-01,2023 Nov,299
"300",34,2023-12-01,2023 Dec,300
"301",17,2024-01-01,2024 Jan,301
"302",25,2024-02-01,2024 Feb,302
"303",17,2024-03-01,2024 Mar,303
"304",18,2024-04-01,2024 Apr,304
"305",25,2024-05-01,2024 May,305
"306",13,2024-06-01,2024 Jun,306
"307",18,2024-07-01,2024 Jul,307
"308",23,2024-08-01,2024 Aug,308
"309",22,2024-09-01,2024 Sep,309
"310",21,2024-10-01,2024 Oct,310
"311",12,2024-11-01,2024 Nov,311
"312",11,2024-12-01,2024 Dec,312
